id,name,publisher_id,publisher_name,publisher_abbreviation,publisher_type,description,categories,tags,access_type,access_label,registration_required,paid,license_name,license_url,geography_coverage,geography_granularity,temporal_start,temporal_end,temporal_frequency,endpoint_types,endpoint_count,machine_readable,has_api,primary_url,last_verified,verification
mida-investment-statistics,Approved investment statistics,mida,Malaysian Investment Development Authority,MIDA,government,"Statistics on investment projects approved in Malaysia, including approved manufacturing and services investment by state and by source country, published as summary statistics and downloadable reports.",economy|business-companies,investment|fdi|manufacturing|statistics|mida|approved-projects,public,Public,,,,,malaysia,national|state,,,,landing-page|publication,3,false,false,https://www.mida.gov.my/why-malaysia/investment-statistics/,2026-10-04,fresh
gbif-malaysia-occurrences,Biodiversity occurrence records for Malaysia,gbif,Global Biodiversity Information Facility,GBIF,international,"Species occurrence records and datasets for Malaysia aggregated by GBIF from museums, herbaria, surveys and citizen-science projects, searchable through the portal and downloadable via the occurrence API.",environment|science-research|geography,biodiversity|species|occurrences|ecology|specimens|api,open,Open,,,Varies by dataset,,malaysia|global,point|coordinate|site,,,daily,api|api-docs|landing-page,4,true,true,https://www.gbif.org/country/MY/summary,2026-10-04,fresh
bnm-open-api,BNM Open API,bnm,Bank Negara Malaysia,BNM,statutory-body,"Programmatic access to Bank Negara Malaysia's published series, including the overnight policy rate, exchange rates, interest rates and monetary statistics. Access requires registering for an API token through the Open API portal.",finance|economy,api|banking|central-bank|interest-rates|exchange-rates|monetary,register,Registration required,true,,,,malaysia,national,,,,api-docs|landing-page,2,false,false,https://www.bnm.gov.my/,2026-10-04,fresh
bursa-company-announcements,Bursa Malaysia company announcements,bursa-malaysia,Bursa Malaysia,Bursa,commercial,"Announcements made by companies listed on Bursa Malaysia, including financial results, corporate actions and material disclosures, searchable by company and announcement category.",business-companies|finance,listed-companies|announcements|disclosure|stock-exchange,public,Public,,,,,malaysia,national,,,,landing-page|search,2,false,false,https://www.bursamalaysia.com/,2026-10-04,fresh
bursa-listed-companies,Bursa Malaysia listed company directory (JSON),bursa-malaysia,Bursa Malaysia,Bursa,commercial,"JSON endpoint used by the Bursa Malaysia website to list companies listed on the exchange, returning the listed-company directory in machine-readable form.",business-companies,listed-companies|directory|json|stock-exchange,public,Public,,,,,malaysia,national,,,,api,1,true,true,https://www.bursamalaysia.com/api/v1/listed_companies/companies,2026-10-04,fresh
bursa-market-statistics,Bursa Malaysia securities market statistics,bursa-malaysia,Bursa Malaysia,Bursa,commercial,"Market statistics for the Malaysian securities market, covering trading activity, volumes and indices published on the Bursa Malaysia website.",finance|economy,market-statistics|stock-market|indices|trading,public,Public,,,,,malaysia,national,,,,dashboard,1,false,false,https://www.bursamalaysia.com/market_information/market_statistic/securities,2026-10-04,fresh
mcmc-communications-statistics,Communications and multimedia statistics,mcmc,Malaysian Communications and Multimedia Commission,MCMC,statutory-body,"The regulator's published figures for the communications and multimedia sectors, covering telecommunications, broadband, broadcasting and postal services, together with the commission's reports and annual publications.",technology-telecoms|economy,telecoms|broadband|communications|statistics|mcmc|internet|regulator,public,Public,,,,,malaysia,national,,,,landing-page|publication,3,false,false,https://www.mcmc.gov.my/en/resources/statistics,2026-10-04,fresh
dosm-cpi-headline,Consumer Price Index (headline),dosm,Department of Statistics Malaysia,DOSM,government,"The headline Consumer Price Index for Malaysia, the standard measure of consumer inflation, with index values and year-on-year change over time.",prices-cost-of-living|economy,cpi|inflation|prices|index|harga|statistics,public,Public,,,,,malaysia,national,,,,api|api-docs|landing-page,3,true,true,https://open.dosm.gov.my/data-catalogue,2026-10-04,fresh
copernicus-malaysia-eo,Copernicus Earth observation data over Malaysia,copernicus,Copernicus,Copernicus,international,"Satellite and modelled environmental data covering Malaysia — Sentinel imagery, global land cover, and ERA5 climate reanalysis — published through the Copernicus Data Space Ecosystem, the Climate Data Store and the land-monitoring service.",environment|weather-climate|geography,earth-observation|satellite|sentinel|land-cover|climate|reanalysis,register,Registration required,,,Varies by dataset,,malaysia|global,grid|coordinate|point,,,daily,explorer|landing-page,4,false,false,https://www.copernicus.eu/en,2026-10-04,fresh
ctos-business-credit-report,CTOS business and company credit reports,ctos,CTOS Data Systems Sdn Bhd,CTOS,commercial,"Credit and company reports for Malaysian businesses and companies, including one-off company searches, business profiles and credit checks through CTOS Business and the CTOS Basis company directory.",business-companies|finance,company-search|business-report|credit-report|company-directory|credit-bureau,paid,Paid,true,true,,,malaysia,national,,,,commercial-access|landing-page,3,false,false,https://www.ctoscredit.com.my/business/,2026-10-04,fresh
ctos-consumer-credit-report,CTOS consumer credit report and score,ctos,CTOS Data Systems Sdn Bhd,CTOS,commercial,"Consumer credit report and credit score for individuals, based on data held by the CTOS credit bureau and accessed through the CTOS Credit website and mobile app.",finance,credit-report|credit-score|credit-bureau|consumer-credit,register,Registration required,true,true,,,malaysia,national,,,,landing-page,1,false,false,https://www.ctoscredit.com.my/,2026-10-04,fresh
st-grid-reliability,Electricity supply reliability indices,suruhanjaya-tenaga,Energy Commission Malaysia,ST,statutory-body,"The commission's published electricity supply reliability indices for the grid: System Average Interruption Duration Index (SAIDI), System Average Interruption Frequency Index (SAIFI) and System Average RMS Frequency Index (SARFI).",energy,energy|electricity|reliability|saidi|saifi|grid|regulator,public,Public,,,,,malaysia,national,,,,landing-page,4,false,false,https://www.st.gov.my/security/system-average-interruption-duration-index-saidi,2026-10-04,fresh
doe-environmental-data,Environmental quality data and reports,doe,Department of Environment Malaysia,DOE,government,"The department's shared data and reports, including environmental quality standards and indices, environmental impact assessment (EIA) reports, and pollution monitoring material published for public reference.",environment,environment|air-quality|water-quality|eia|pollution|doe|jas,public,Public,,,,,malaysia,national|state,,,,landing-page|publication|report,4,false,false,https://www.doe.gov.my/perkongsian-data-dan-laporan/,2026-10-04,fresh
faostat-malaysia-agriculture,FAOSTAT food and agriculture statistics for Malaysia,fao,Food and Agriculture Organization of the United Nations,FAO,international,"Country-level food and agriculture statistics for Malaysia — crop and livestock production, land use, fertilisers, food balance sheets and agricultural trade — published by FAOSTAT with an interactive portal and API access.",agriculture|environment|trade,agriculture|crops|livestock|food-security|land-use|statistics,register,Registration required,true,,CC BY 4.0,,malaysia|global,national,,,annual,api|bulk-download|catalogue|landing-page,4,true,true,https://www.fao.org/faostat/en/,2026-10-04,fresh
gfw-malaysia-forests,Forest change and land cover data for Malaysia,global-forest-watch,Global Forest Watch,GFW,international,"Forest and land-use data for Malaysia — tree cover loss and gain, land cover, fire alerts and forest carbon — published through Global Forest Watch with a country dashboard and a data API.",environment|geography,forests|deforestation|land-use|tree-cover|fire|remote-sensing,open,Open,,,Varies by dataset,,malaysia|global,national|grid|point,,,weekly,api|api-docs|dashboard|landing-page,4,true,true,https://www.globalforestwatch.org/,2026-10-04,fresh
hdx-malaysia,Humanitarian datasets for Malaysia,hdx,Humanitarian Data Exchange,HDX,international,"Humanitarian and crisis-related datasets covering Malaysia — administrative boundaries, population estimates, displacement and disaster risk — contributed by UN agencies, NGOs and governments.",social|environment,humanitarian|disaster|crisis|boundaries|population|ocha,open,Open,,,Varies by dataset,,malaysia,national|state|district,,,,landing-page,1,false,false,https://data.humdata.org/,2026-10-04,fresh
ilostat-malaysia-labour,ILOSTAT labour statistics for Malaysia,ilo,International Labour Organization,ILO,international,"Labour market indicators for Malaysia — employment and unemployment, labour force participation, working time, earnings and informal employment — published by ILOSTAT with a web portal and a bulk data API.",labour|social,labour|employment|unemployment|wages|workforce|statistics,open,Open,,,CC BY 4.0,,malaysia|global,national,,,annual,api|landing-page,2,true,true,https://ilostat.ilo.org/,2026-10-04,fresh
imf-malaysia-data,IMF macroeconomic and financial statistics for Malaysia,imf,International Monetary Fund,IMF,international,"IMF statistical databases covering Malaysia — balance of payments, international financial statistics, government finance, monetary aggregates and exchange rates — available through the IMF data portal and its SDMX 2.1 API.",economy|finance,macroeconomics|balance-of-payments|exchange-rates|monetary|sdmx|statistics,open,Open,,,Varies by dataset,,malaysia|global,national,,,monthly,api|landing-page,3,true,true,https://data.imf.org/,2026-10-04,fresh
itu-malaysia-ict-statistics,ITU ICT statistics for Malaysia,itu,International Telecommunication Union,ITU,international,"Information and communication technology indicators for Malaysia — mobile and fixed broadband subscriptions, internet and mobile penetration, and ICT prices — published by ITU through its statistics pages and the ITU DataHub.",technology-telecoms|economy,ict|broadband|mobile|internet|telecommunications|statistics,public,Public,,,Varies by dataset,,malaysia|global,national,,,annual,dashboard|explorer|landing-page,3,false,false,https://www.itu.int/en/ITU-D/Statistics/Pages/stat/default.aspx,2026-10-04,fresh
moh-kkmnow,KKMNOW health data,moh,Ministry of Health Malaysia,MOH,government,"The Ministry of Health's public data platform. Presents national health indicators as interactive dashboards and publishes the underlying datasets through a data catalogue. Dashboards cover COVID-19, COVID-19 vaccination, hospital bed utilisation, blood donation, organ donation and the PEKA B40 screening programme.",health,health|hospitals|covid-19|vaccination|kkmnow|dashboard|ministry-of-health,public,Public,,,,,malaysia,national|state,,,,dashboard|explorer|landing-page,4,false,false,https://data.moh.gov.my/,2026-10-04,fresh
ktmb-train-services,"KTMB train services, timetables and routes",ktmb,Keretapi Tanah Melayu Berhad,KTMB,government,"The operator's public service information: train timetables by service class, an interactive route and network map, station details, and a live train chart. Covers the intercity, ETS, Komuter and freight networks.",transport,rail|railway|train|timetable|ktmb|komuter|ets|transit,public,Public,,,,,malaysia,station|national,,,,explorer|landing-page|map,4,false,false,https://www.ktmb.com.my/TrainTime.html,2026-10-04,fresh
matrade-trade-statistics,Malaysia external trade statistics,matrade,Malaysia External Trade Development Corporation,MATRADE,government,"Malaysia's external trade figures published by the trade promotion agency: exports, imports, trade balances and trade by market and product, together with open data releases and market reports for exporters.",trade|economy,trade|exports|imports|statistics|matrade|external-trade,public,Public,,,,,malaysia,national,,,,landing-page|publication,3,false,false,https://www.matrade.gov.my/en/open-data,2026-10-04,fresh
comtrade-malaysia-trade,Malaysia international merchandise trade,un-comtrade,United Nations Comtrade,UN Comtrade,international,"Malaysia's reported and mirrored merchandise trade flows by commodity, partner and year, from the UN Comtrade database, available through a web explorer and a REST API.",trade|economy,trade|imports|exports|commodities|customs|statistics,register,Registration required,true,,Varies by dataset,,malaysia|global,national,,,annual,api|landing-page,3,true,true,https://comtradeplus.un.org/,2026-10-04,fresh
mybis-biodiversity,Malaysian biodiversity records,mybis,Malaysia Biodiversity Information System,MyBIS,government,"Species and habitat information for Malaysia: an explorable species catalogue with taxonomy and conservation status, occurrence records, protected area information and summary analysis views.",environment|science-research,biodiversity|species|wildlife|conservation|environment|ecology|mybis,public,Public,,,,,malaysia,national|state|site,,,,dashboard|explorer|landing-page,3,false,false,https://www.mybis.gov.my/,2026-10-04,fresh
data-gov-my-open-data,Malaysian government open data,data-gov-my,Malaysian Open Data Portal,data.gov.my,government,"Datasets published by Malaysian federal agencies, covering population, economy, transport, health, education and the environment. Browse the catalogue in a browser, or query the same datasets programmatically through the public data catalogue API.",elections-government,open-data|portal|catalogue|government|api|data-terbuka,open,Open,,,Varies by dataset,,malaysia,national|state|district,,,,api|api-docs|data-dump|landing-page,4,true,true,https://data.gov.my/,2026-10-04,fresh
napic-property-data,Malaysian property market data,napic,National Property Information Centre,NAPIC,government,"Malaysian property market information: time series of property market indicators, the Malaysian House Price Index, property transaction records and interactive visualisations of the market by state and property type.",housing-property|economy,property|housing|prices|index|transactions|napic|jpph|real-estate,public,Public,,,,,malaysia,national|state,,,,dashboard|explorer|landing-page|publication,5,false,false,https://napic.jpph.gov.my/,2026-10-04,fresh
metmalaysia-weather-api,METMalaysia weather data API,metmalaysia,Malaysian Meteorological Department,METMalaysia,government,"Programmatic access to METMalaysia's weather datasets: forecasts for states and locations, weather warnings, and the observation and climate records behind them. A token is required and is issued on registration.",weather-climate|environment,weather|forecast|rainfall|climate|cuaca|hujan|api,register,Registration required,true,,,,malaysia,national|state|district,,,,api|dashboard|landing-page,3,true,true,https://www.met.gov.my/en/,2026-10-04,fresh
mygdi-geoportal,MyGDI geoportal,mygdi,Malaysian Geospatial Data Infrastructure,MyGDI,government,"The national geoportal for Malaysian geospatial data. Provides discovery of spatial datasets and metadata published by federal agencies, and access to geospatial applications and data update information.",geography,geospatial|gis|maps|spatial-data|metadata|mygdi|geoportal,public,Public,,,,,malaysia,national|state,,,,landing-page|registry,2,false,false,https://www.mygeoportal.gov.my/,2026-10-04,fresh
mygdx-government-data-exchange,MyGDX government data exchange,mygdx,Malaysian Government Central Data Exchange,MyGDX,government,"A platform for sharing data between Malaysian government agencies, providing data exchange, dataset statistics and verification services. Access is intended for public sector users and authorised parties rather than the general public.",elections-government,government|data-exchange|gdx|inter-agency|public-sector,restricted,Restricted,true,,,,malaysia,national,,,,dashboard|landing-page,2,false,false,https://www.mygdx.gov.my/,2026-10-04,fresh
oecd-malaysia-indicators,OECD indicators covering Malaysia,oecd,Organisation for Economic Co-operation and Development,OECD,international,"OECD datasets that include Malaysia as a partner or non-member economy — trade in goods and services, foreign direct investment, development finance and selected economic indicators — available through the OECD Data Explorer and SDMX API.",economy|trade|finance,trade|investment|development|indicators|sdmx|statistics,open,Open,,,Varies by dataset,,malaysia|global,national,,,quarterly,api|explorer|landing-page,3,true,true,https://data-explorer.oecd.org/,2026-10-04,fresh
dosm-open-data,OpenDOSM,dosm,Department of Statistics Malaysia,DOSM,government,"DOSM's own open data platform: the department's statistics presented as browsable datasets, dashboards and charts, with the source data available for download or through an API.",elections-government,open-data|statistics|catalogue|dashboard|data-terbuka,public,Public,,,,,malaysia,national|state,,,,api-docs|explorer|landing-page,3,false,false,https://open.dosm.gov.my/,2026-10-04,fresh
openstreetmap-malaysia-extract,OpenStreetMap data for Malaysia,openstreetmap,OpenStreetMap,OSM,community,"The full OpenStreetMap database for Malaysia — roads, buildings, land use, points of interest and administrative boundaries — available as planet extracts and through the editing API and Overpass query service.",geography|transport,gis|maps|geospatial|roads|boundaries|osm|openstreetmap,open,Open,,,Open Database License (ODbL) 1.0,https://opendatacommons.org/licenses/odbl/1-0/,malaysia,national|state|district|point,,,,bulk-download|landing-page|map,3,true,false,https://www.openstreetmap.org/,2026-10-04,fresh
mpob-industry-statistics,Palm oil industry statistics,mpob,Malaysian Palm Oil Board,MPOB,government,"Production, exports, stocks and prices for the Malaysian palm oil industry, published through the board's economics and industry portal alongside monthly releases.",agriculture|trade,palm-oil|commodities|exports|prices|sawit|agriculture,public,Public,,,,,malaysia,national,,,,landing-page,2,false,false,https://bepi.mpob.gov.my/,2026-10-04,fresh
dosm-population-state,Population by state,dosm,Department of Statistics Malaysia,DOSM,government,"Population counts for Malaysia broken down by state and administrative district, with annual series suitable for comparing states or tracking growth over time.",demographics,population|demography|state|district|penduduk|statistics,public,Public,,,,,malaysia,national|state|district,,,,api|api-docs|explorer|landing-page,4,true,true,https://open.dosm.gov.my/dashboard/population,2026-10-04,fresh
pos-malaysia-postcode-finder,Postcode finder,pos-malaysia,Pos Malaysia,,commercial,"Look up Malaysian postcodes by postcode, street or area name, and check the address range each postcode covers.",geography,postcode|postal|address|poskod|lookup|reference,public,Public,,,,,malaysia,postcode,,,,landing-page|search,2,false,false,https://www.pos.com.my/,2026-10-04,fresh
prasarana-rapid-services,Prasarana urban transit services,prasarana,Prasarana Malaysia Berhad,Prasarana,government,"Information about the urban rail and bus networks operated by Prasarana, including the Rapid Rail lines (LRT, MRT, monorail) and Rapid Bus routes, plus the operator's sustainability reporting.",transport,transport|rail|bus|rapid-kl|lrt|mrt|monorail|public-transport,public,Public,,,,,malaysia,station|national,,,,landing-page|report,4,false,false,https://www.prasarana.com.my/rapid-rail/,2026-10-04,fresh
kpdn-pricecatcher,PriceCatcher,kpdn,Ministry of Domestic Trade and Cost of Living,KPDN,government,"The ministry's national price monitoring service. Records prices of a basket of everyday goods and fresh produce at retail outlets across Malaysia, published so the public can compare prices between premises and locations. Data is browsable on the PriceCatcher portal and app.",prices-cost-of-living,prices|groceries|cost-of-living|pricecatcher|kpdn|consumer|harga,public,Public,,,,,malaysia,national|local-authority|facility,,,,landing-page|publication,3,false,false,https://pricecatcher.kpdn.gov.my/,2026-10-04,fresh
did-public-infobanjir,Public Infobanjir rainfall and river level monitoring,did,Department of Irrigation and Drainage,DID,government,"Near real-time rainfall readings, river water levels and flood warnings collected from monitoring stations across Malaysia, published by the Department of Irrigation and Drainage.",weather-climate|environment,rainfall|hydrology|flood|water-level|banjir|monitoring|stations,open,Open,,,,,malaysia,station|state|district|national,,,,dashboard|landing-page,2,false,false,https://www.water.gov.my/,2026-10-04,fresh
ram-credit-ratings,RAM credit ratings and rating announcements,ram,RAM Holdings Berhad,RAM,commercial,"Credit ratings and rating actions published by RAM Ratings for Malaysian and regional issuers, including corporate bonds, sukuk and financial institutions, together with rating methodologies and subscription research.",finance|business-companies,credit-ratings|ratings|bonds|sukuk|risk|bond-pricing,paid,Paid,true,true,,,malaysia,national,,,,commercial-access|landing-page|publication|search,4,false,false,https://www.ram.com.my/,2026-10-04,fresh
seda-renewable-energy,Renewable energy capacity statistics,seda,Sustainable Energy Development Authority Malaysia,SEDA,statutory-body,"Statistics on renewable energy installations monitored by the authority, including installed and re-installed capacities by technology, and the authority's monitoring and reporting material.",energy|environment,renewable-energy|solar|biomass|biogas|capacity|seda|fit|energy,public,Public,,,,,malaysia,national|state,,,,dashboard|landing-page,3,false,false,https://www.seda.gov.my/statistics-monitoring/re-installed-capacities/,2026-10-04,fresh
usm-institutional-repository,Repository@USM,usm,Universiti Sains Malaysia,USM,academic,"USM's institutional repository, holding the university's research outputs and publications such as theses, journal articles and conference papers, searchable and browsable by author, title and subject.",science-research|education,institutional-repository|research|theses|publications|open-access,public,Public,,,,,malaysia,national,,,,catalogue|landing-page,2,false,false,https://www.usm.my/,2026-10-04,fresh
sc-publications-and-research,"Securities Commission publications, statistics and research",sc,Securities Commission Malaysia,SC,statutory-body,"Reports, statistics and research published by the Securities Commission Malaysia, including the annual report, quarterly reports, consultation papers and capital-market data.",finance|economy,capital-market|securities|regulator|statistics|reports,public,Public,,,,,malaysia,national,,,,landing-page|report,3,false,false,https://www.sc.com.my/,2026-10-04,fresh
ssm-corporate-data-products,SSM corporate information data products,ssm,Companies Commission of Malaysia,SSM,statutory-body,"SSM's channels for obtaining corporate and business information data beyond single-document searches, covering the MyDATA purchase service and the Corporate and Business Information Data (CBID) product.",business-companies,company-registry|corporate-information|data-products|ssm,paid,Paid,,true,,,malaysia,national,,,,commercial-access,2,false,false,https://www.ssm.com.my/Pages/Buy_Corporate_Information/MyDATA.aspx,2026-10-04,fresh
ssm-e-info,SSM e-Info corporate information search,ssm,Companies Commission of Malaysia,SSM,statutory-body,"Official search and purchase of Malaysian company and business registry information through the SSM e-Info portal, including company profiles, business profiles and certified extracts. Documents are bought per item.",business-companies,company-registry|business-registry|company-search|corporate-information|ssm,paid,Paid,,true,,,malaysia,national,,,,landing-page|registry,2,false,false,https://www.ssm.com.my/Pages/Buy_Corporate_Information/e-Info.aspx,2026-10-04,fresh
ssm-statistics,SSM registry statistics,ssm,Companies Commission of Malaysia,SSM,statutory-body,"Statistics and statistical publications from the Companies Commission on company, business and limited liability partnership registration activity in Malaysia.",business-companies|economy,statistics|company-registry|registrations|ssm,public,Public,,,,,malaysia,national,,,,statistical-release,1,false,false,https://www.ssm.com.my/Pages/Publication/Statistics/Statistics.aspx,2026-10-04,fresh
mot-transport-statistics,Transport sector reports and statistics,mot,Ministry of Transport Malaysia,MOT,government,"Reports and statistics covering Malaysian land, maritime and aviation transport, including sector statistics collections and the national freight data reports published by the ministry and its agencies.",transport|economy,transport|statistics|aviation|maritime|land-transport|freight|mot,public,Public,,,,,malaysia,national,,,,landing-page|publication,4,false,false,https://www.mot.gov.my/en/browse-by-topic/reports-and-stats,2026-10-04,fresh
ukm-research-repository,UKM journal article repository and e-journals,ukm,Universiti Kebangsaan Malaysia,UKM,academic,"UKM's journal article repository and e-journal system, hosting UKM-published journals and research articles that are searchable and browsable by journal, author and title.",science-research|education,institutional-repository|research|journal-articles|e-journals|publications,public,Public,,,,,malaysia,national,,,,catalogue|landing-page,3,false,false,https://ejournal.ukm.my/,2026-10-04,fresh
un-data-portal,UN Data portal,united-nations,United Nations,UN,international,"An aggregated search and download portal bringing together United Nations statistical databases, with country-level series for Malaysia across population, economy, trade, health and social topics.",demographics|economy|social,statistics|indicators|population|sdg|united-nations,open,Open,,,Varies by dataset,,malaysia|global,national,,,annual,explorer|landing-page,2,false,false,https://data.un.org/,2026-10-04,fresh
un-sdg-indicators,UN Sustainable Development Goal indicators,united-nations,United Nations,UN,international,"The global Sustainable Development Goal indicator database, with Malaysia's reported values for the SDG indicator framework, served through the UN Statistics Division SDG API.",social|economy|environment,sdg|indicators|sustainable-development|statistics|api,open,Open,,,CC BY 3.0 IGO,,malaysia|global,national,,,annual,api,2,true,true,https://unstats.un.org/sdgapi/v1/sdg/GeoArea/List,2026-10-04,fresh
uis-malaysia-education,"UNESCO education, science and culture statistics for Malaysia",unesco-uis,UNESCO Institute for Statistics,UIS,international,"Cross-nationally comparable indicators for Malaysia — education attainment and enrolment, literacy, research and development expenditure, and culture and communication statistics — published by the UNESCO Institute for Statistics.",education|science-research|social,education|literacy|enrolment|research|culture|statistics,open,Open,,,CC BY-SA 3.0 IGO,,malaysia|global,national,,,annual,api|api-docs|bulk-download|explorer|landing-page,5,true,true,https://uis.unesco.org/,2026-10-04,fresh
unhcr-malaysia-refugees,UNHCR displacement statistics for Malaysia,unhcr,United Nations High Commissioner for Refugees,UNHCR,international,"Forced-displacement statistics involving Malaysia — refugees and asylum-seekers by country of origin and destination, returns and resettlement — published through the UNHCR Refugee Data Finder and its population API.",social|demographics,refugees|asylum|displacement|migration|humanitarian|statistics,open,Open,,,Varies by dataset,,malaysia|global,national,,,annual,api|api-docs|landing-page,4,true,true,https://www.unhcr.org/refugee-statistics/,2026-10-04,fresh
unicef-malaysia-data,UNICEF data and publications for Malaysia,unicef,United Nations Children's Fund,UNICEF,international,"Statistics and reports on children in Malaysia — child mortality and health, nutrition, education and child protection — published through the UNICEF data portal and the UNICEF Malaysia country office.",social|health|education,children|child-mortality|nutrition|education|welfare|statistics,public,Public,,,Varies by dataset,,malaysia|global,national,,,annual,landing-page,2,false,false,https://www.unicef.org/malaysia/,2026-10-04,fresh
uum-institutional-repository,UUM institutional repositories,uum,Universiti Utara Malaysia,UUM,academic,"UUM's institutional repositories: UUM Electronic Theses and Dissertation (eTheses) and the UUM Repository of research and publications, searchable by author, title and subject.",science-research|education,institutional-repository|theses|dissertations|research|publications,public,Public,,,,,malaysia,national,,,,catalogue|landing-page,3,false,false,https://www.uum.edu.my/,2026-10-04,fresh
jpj-vehicle-registrations,Vehicle registrations,jpj,Road Transport Department Malaysia,JPJ,government,"Monthly counts of vehicle registrations in Malaysia, broken down by vehicle type and fuel type, derived from Road Transport Department registration records and published through the national open data portal.",transport,vehicles|registrations|transport|jpj|fuel-type|kenderaan,public,Public,,,,,malaysia,national,,,,api|api-docs|csv|landing-page,4,true,true,https://data.gov.my/data-catalogue?id=registrations_type_fuel,2026-10-04,fresh
who-gho-malaysia-health,WHO Global Health Observatory indicators for Malaysia,who,World Health Organization,WHO,international,"Global health indicators for Malaysia — life expectancy and mortality, causes of death, immunisation, tuberculosis and malaria, health workforce and health expenditure — published by the WHO Global Health Observatory with an OData API.",health|demographics,health|mortality|immunisation|disease|indicators|odata,open,Open,,,CC BY-NC-SA 3.0 IGO,,malaysia|global,national,,,annual,api|catalogue|landing-page,3,true,true,https://www.who.int/data/gho,2026-10-04,fresh
world-bank-malaysia-indicators,World Bank development indicators for Malaysia,world-bank,World Bank,WB,international,"Comparable development and economic indicators for Malaysia — population, GDP, trade, health, education and more — presented on a country page and available in full, for every country, through the World Bank's Indicators API.",economy|social,indicators|development|gdp|population|trade|statistics,open,Open,,,CC BY 4.0,https://creativecommons.org/licenses/by/4.0/,malaysia|global,national,,,annual,api|bulk-download|landing-page,4,true,true,https://data.worldbank.org/country/malaysia,2026-10-04,fresh
